{"MAVTAQAARRLLRE": {"verdict": "UNSTABLE/INACTIVE", "confidence": 0, "features": {"molecular_weight": 1585.8733, "aromaticity": 0.0, "instability_index": 66.70714285714286, "isoelectric_point": 11.698964881896973, "gravy_score": -0.021428571428571432}}}